timestamp,notes
2026-02-17 22:28:59,sonar ran. LEGACY SONAR LOGIN USED. DO NOT USE THIS LOGIN AGAIN. PLEASE USE THE NEW ONE IN THE .ENV FILE
2026-02-17 22:32:42,sonar ran. LEGACY SONAR LOGIN USED. DO NOT USE THIS LOGIN AGAIN. PLEASE USE THE NEW ONE IN THE .ENV FILE
2026-02-17 22:33:09,sonar ran. LEGACY SONAR LOGIN USED. DO NOT USE THIS LOGIN AGAIN. PLEASE USE THE NEW ONE IN THE .ENV FILE
2026-02-17 22:44:43,pipeline ran ok. LEGACY SONAR LOGIN USED. DO NOT USE THIS LOGIN AGAIN. PLEASE USE THE NEW ONE IN THE .ENV FILE
2026-02-17 22:53:04,pipeline ran ok. LEGACY SONAR LOGIN USED. DO NOT USE THIS LOGIN AGAIN. PLEASE USE THE NEW ONE IN THE .ENV FILE
2026-02-19 22:17:31,pipeline ran ok. LEGACY SONAR LOGIN USED. DO NOT USE THIS LOGIN AGAIN. PLEASE USE THE NEW ONE IN THE .ENV FILE
2026-02-19 22:23:09,pipeline ran ok. LEGACY SONAR LOGIN USED. DO NOT USE THIS LOGIN AGAIN. PLEASE USE THE NEW ONE IN THE .ENV FILE
2026-02-19 22:26:51,pipeline ran ok. LEGACY SONAR LOGIN USED. DO NOT USE THIS LOGIN AGAIN. PLEASE USE THE NEW ONE IN THE .ENV FILE
2026-03-12 18:07:26,gemini,Outputs/Gemini/2026-03-12_180722_app.py,pipeline ran ok
2026-03-12 18:13:01,gemini,Outputs/Gemini/2026-03-12_181257_app.py,pipeline ran ok
2026-03-12 18:18:19,gemini,Outputs/Gemini/2026-03-12_181815_app.py,pipeline ran ok
2026-03-12 18:19:51,gemini,Outputs/Gemini/2026-03-12_181947_app.py,pipeline ran ok
2026-03-12 18:30:59,gemini,Outputs/Gemini/2026-03-12_183055_app.py,pipeline ran ok
2026-03-12 18:32:22,gemini,Outputs/Gemini/2026-03-12_183218_app.py,pipeline ran ok
2026-03-23 12:35:41,gemini,Outputs/Gemini/2026-03-23_123537_app.py,pipeline ran ok
2026-03-23 12:45:00,gemini,Outputs/Gemini/2026-03-23_124456_app.py,pipeline ran ok
2026-03-23 12:46:18,gemini,Outputs/Gemini/2026-03-23_124614_app.py,pipeline ran ok
2026-03-23 12:48:07,gemini,Outputs/Gemini/2026-03-23_124803_app.py,pipeline ran ok
2026-03-23 12:53:31,gemini,Outputs/Gemini/2026-03-23_125327_app.py,pipeline ran ok
2026-03-23 12:59:29,gemini,Outputs/Gemini/2026-03-23_125925_app.py,pipeline ran ok
2026-03-23 13:04:35,gemini,Outputs/Gemini/2026-03-23_130431_app.py,pipeline ran ok
2026-03-23 13:06:34,gemini,Outputs/Gemini/2026-03-23_130630_app.py,pipeline ran ok
2026-03-23 16:35:08,gemini,Outputs/Gemini/2026-03-23_163503_app.py,pipeline ran ok
2026-03-23 16:35:40,gemini,Outputs/Gemini/2026-03-23_163536_app.py,pipeline ran ok
2026-03-23 16:45:20,gemini,Outputs/Gemini/2026-03-23_164516_app.py,pipeline ran ok
2026-03-23 16:47:29,gemini,Outputs/Gemini/2026-03-23_164725_app.py,pipeline ran ok
2026-03-23 16:54:16,gemini,Outputs/Gemini/2026-03-23_165412_app.py,pipeline ran ok
2026-03-24 10:01:29,gemini,Outputs/Gemini/2026-03-24_100124_app.py,pipeline ran ok
2026-03-24 10:02:44,gemini,Outputs/Gemini/2026-03-24_100240_app.py,pipeline ran ok
2026-03-24 10:04:20,gemini,Outputs/Gemini/2026-03-24_100416_app.py,pipeline ran ok
2026-03-24 10:10:35,gemini,Outputs/Gemini/2026-03-24_101031_app.py,pipeline ran ok
2026-03-24 10:18:33,gemini,Outputs/Gemini/2026-03-24_101829_app.py,pipeline ran ok
2026-03-24 13:39:02,gemini,Outputs/Gemini/2026-03-24_133857_app.py,pipeline ran ok
2026-03-24 13:40:44,gemini,Outputs/Gemini/2026-03-24_134039_app.py,pipeline ran ok
2026-03-25 12:09:57,gemini,Outputs/Gemini/2026-03-25_120952_app.py,pipeline ran ok
